Free/Open Source or Commercial,Owner,Best Available Model,Live Mode / Web Access,Reasoning,Image Generation,Deep Research (Context/Tools),Code Execution,Data Analysis (Context/Tools),See Images (Vision),See Video,Read Docs (Context/RAG),Personality,Superpower
Commercial,OpenAI,GPT-4 (32K),Yes,Excellent,Yes (DALL·E 3 integration),Yes,Yes,Yes,Yes,No,Yes (Good - 128K tokens),Limited,Extensive plugin ecosystem
Commercial,Google (DeepMind),Gemini 2.5 Pro,Yes,State‑of‑the‑art,Yes (Imagen on Vertex AI / Gemini app),Yes (1M‑token context + RAG),Yes,Partial (via code),Yes,Yes,Yes (Excellent - 1M tokens),Limited,Massive multimodal context (1M tokens)
Commercial,Anthropic,Claude 3.7 Sonnet,No,Excellent (hybrid logic/extended thinking),No,Yes (200k‑token context),Yes (Claude Code),Yes,Limited (charts & diagrams),No,Yes (Good - 200K tokens),Limited,Extended thinking mode
Free/Open Source,TII,Falcon 180B (Chat),No,High,No,Limited,No,Limited,No,No,Yes (Limited - 2K tokens),Highly customizable,Largest open model w/ permissive license
Free/Open Source,Mistral AI,Mistral 7B,No,Moderate (strong for 7B),No,Limited,No,Limited,No,No,Yes (Limited - 8K tokens),Highly customizable,Efficiency leader
Free/Open Source,DeepSeek AI,DeepSeek‑V3,No,Excellent,No,Yes,No,Limited,No,No,Yes (Good - 128K tokens),Highly customizable,128K context + MoE efficiency
Free/Open Source,Alibaba Cloud,Qwen1.5‑72B‑Chat,No,High,No,Limited,No,Limited,No,No,Yes (Limited - 32K tokens),Highly customizable,Strong multilingual + 32K context
Free/Open Source,Meta,Llama 3.1 70B-Chat,No,High,No,Limited,No,Limited,No,No,Yes (Good - 128K tokens),Highly customizable,Massive 128K context + multilingual
Commercial,xAI,Grok 3 (beta),Yes,Excellent,No (coming soon),Yes,No,Partial,Yes,No,Yes (Excellent - 1M tokens),Limited (edgy style),1M context + realtime search
